{"cameraMode":{"drawMode":0,"name":"Shaded","section":"Shading Mode"},"sceneLighting":true,"audioPlay":false,"sceneViewState":{"showFog":true,"showMaterialUpdate":false,"showSkybox":true,"showFlares":true,"showImageEffects":true,"showParticleSystems":true},"in2DMode":false,"pivot":{"x":2.4523086547851564,"y":1.0667979717254639,"z":-14.103404998779297},"rotation":{"x":-0.0033039506524801256,"y":-0.9964639544487,"z":0.0691777914762497,"w":-0.04757321625947952},"size":1.39955735206604,"orthographic":false}