{"cameraMode":{"drawMode":0,"name":"Shaded","section":"Shading Mode"},"sceneLighting":true,"audioPlay":false,"sceneViewState":{"showFog":true,"showMaterialUpdate":false,"showSkybox":true,"showFlares":true,"showImageEffects":true,"showParticleSystems":true},"in2DMode":false,"pivot":{"x":-2.218489646911621,"y":1.100382685661316,"z":-16.201637268066408},"rotation":{"x":0.0009820825653150678,"y":0.9311626553535461,"z":0.002504742005839944,"w":-0.3645942509174347},"size":9.61453914642334,"orthographic":false}