{"cameraMode":{"drawMode":0,"name":"Shaded","section":"Shading Mode"},"sceneLighting":true,"audioPlay":false,"sceneViewState":{"showFog":true,"showMaterialUpdate":false,"showSkybox":true,"showFlares":true,"showImageEffects":true,"showParticleSystems":true},"in2DMode":false,"pivot":{"x":1.9597251415252686,"y":4.667339324951172,"z":-10.071420669555664},"rotation":{"x":-0.03511593118309975,"y":0.9639630913734436,"z":-0.16379496455192567,"w":-0.20667213201522828},"size":8.739787101745606,"orthographic":false}