{"cameraMode":{"drawMode":0,"name":"Shaded","section":"Shading Mode"},"sceneLighting":true,"audioPlay":false,"sceneViewState":{"showFog":true,"showMaterialUpdate":false,"showSkybox":true,"showFlares":true,"showImageEffects":true,"showParticleSystems":true},"in2DMode":false,"pivot":{"x":2.593128204345703,"y":-0.31882286071777346,"z":-15.483912467956543},"rotation":{"x":-0.06664196401834488,"y":0.7690550684928894,"z":-0.08129215985536576,"w":-0.6304798126220703},"size":26.693572998046876,"orthographic":false}